{
  "ts": "2026-06-28T17:54:33Z",
  "mode": "dry-run",
  "total_elapsed_s": 4.025592565536499,
  "stages": {
    "match": {
      "ok": true,
      "elapsed": 1.5888121128082275
    },
    "score": {
      "ok": true,
      "elapsed": 0.473041296005249
    },
    "crm": {
      "ok": true,
      "elapsed": 0.8971333503723145
    },
    "brochure": {
      "ok": true,
      "elapsed": 0.4610710144042969
    },
    "fb-scan": {
      "ok": true,
      "elapsed": 0.6031832695007324
    }
  }
}